kategoria,seria,tytuł,zdjęcie,aktywne,notatka
Breloki,,Brelok z logo,zdjecia-produktow/breloki/BRE_1.jpg,nie,
Breloki,,Brelok handmade,zdjecia-produktow/breloki/BRE_2.jpg,nie,
Breloki,,Brelok z grafiką,zdjecia-produktow/breloki/BRE_3.jpg,nie,
Torby,Afrykański styl,,zdjecia-produktow/torby/Afrykański styl/SA_01.png,tak,
Torby,Afrykański styl,,zdjecia-produktow/torby/Afrykański styl/SA_02.png,tak,
Torby,Afrykański styl,,zdjecia-produktow/torby/Afrykański styl/SA_03.png,tak,
Torby,Afrykański styl,,zdjecia-produktow/torby/Afrykański styl/SA_04.png,tak,
Torby,Afrykański styl,,zdjecia-produktow/torby/Afrykański styl/SA_05.png,tak,
Torby,Afrykański styl,,zdjecia-produktow/torby/Afrykański styl/SA_06.png,tak,
Torby,Afrykański styl,,zdjecia-produktow/torby/Afrykański styl/SA_07.png,tak,
Torby,Afrykański styl,,zdjecia-produktow/torby/Afrykański styl/SA_08.png,tak,
Torby,Afrykański styl,,zdjecia-produktow/torby/Afrykański styl/SA_09.png,tak,
Torby,Afrykański styl,,zdjecia-produktow/torby/Afrykański styl/SA_10.png,tak,
Torby,Afrykański styl,,zdjecia-produktow/torby/Afrykański styl/SA_11.png,tak,
Torby,Afrykański styl,,zdjecia-produktow/torby/Afrykański styl/SA_12.png,tak,
Torby,Anioły Bieszczadzkie,,zdjecia-produktow/torby/Anioły Bieszczadzkie/ANI_01.png,tak,
Torby,Anioły Bieszczadzkie,,zdjecia-produktow/torby/Anioły Bieszczadzkie/ANI_02.png,tak,
Torby,Anioły Bieszczadzkie,,zdjecia-produktow/torby/Anioły Bieszczadzkie/ANI_03.png,tak,
Torby,Anioły Bieszczadzkie,,zdjecia-produktow/torby/Anioły Bieszczadzkie/ANI_04.png,tak,
Torby,Bieszczady,,zdjecia-produktow/torby/Bieszczady/BIES_01.png,tak,
Torby,Bieszczady,,zdjecia-produktow/torby/Bieszczady/BIES_02.png,tak,
Torby,Bieszczady,,zdjecia-produktow/torby/Bieszczady/BIES_03.png,tak,
Torby,Bieszczady,,zdjecia-produktow/torby/Bieszczady/BIES_04.png,tak,
Torby,Bieszczady,,zdjecia-produktow/torby/Bieszczady/BIES_05.png,tak,
Torby,Bieszczady,,zdjecia-produktow/torby/Bieszczady/BIES_06.png,tak,
Torby,Bieszczady,,zdjecia-produktow/torby/Bieszczady/BIES_07.png,tak,
Torby,Bieszczady,,zdjecia-produktow/torby/Bieszczady/BIES_08.png,tak,
Torby,Bieszczady,,zdjecia-produktow/torby/Bieszczady/BIES_09.png,tak,
Torby,Bieszczady,,zdjecia-produktow/torby/Bieszczady/BIES_10.png,tak,
Torby,Bieszczady,,zdjecia-produktow/torby/Bieszczady/BIES_11.png,tak,
Torby,Bieszczady,,zdjecia-produktow/torby/Bieszczady/BIES_12.png,tak,
Torby,Bieszczady,,zdjecia-produktow/torby/Bieszczady/BIES_13.png,tak,
Torby,Bieszczady,,zdjecia-produktow/torby/Bieszczady/BIES_15.png,tak,
Torby,Bieszczady,,zdjecia-produktow/torby/Bieszczady/BIES_16.png,tak,
Torby,Bieszczady,,zdjecia-produktow/torby/Bieszczady/BIES_17.png,tak,
Torby,Bieszczady,,zdjecia-produktow/torby/Bieszczady/BIES_18.png,tak,
Torby,Bieszczady,,zdjecia-produktow/torby/Bieszczady/BIES_19.png,tak,
Torby,Bieszczady,,zdjecia-produktow/torby/Bieszczady/BIES_20.png,tak,
Torby,Bieszczady,,zdjecia-produktow/torby/Bieszczady/BIES_21.png,tak,
Torby,Bieszczady,,zdjecia-produktow/torby/Bieszczady/BIES_22.png,tak,
Torby,Bieszczady,,zdjecia-produktow/torby/Bieszczady/BIES_23.png,tak,
Torby,Bieszczady,,zdjecia-produktow/torby/Bieszczady/BIES_24.png,tak,
Torby,Bieszczady,,zdjecia-produktow/torby/Bieszczady/BIES_25.png,tak,
Torby,Bieszczady,,zdjecia-produktow/torby/Bieszczady/BIES_26.png,tak,
Torby,Bieszczady,,zdjecia-produktow/torby/Bieszczady/BIES_27.png,tak,
Torby,Bieszczady,,zdjecia-produktow/torby/Bieszczady/BIES_28.png,tak,
Torby,Bieszczady,,zdjecia-produktow/torby/Bieszczady/BIES_29.png,tak,
Torby,Bieszczady,,zdjecia-produktow/torby/Bieszczady/BIES_30.png,tak,
Torby,Bieszczady,,zdjecia-produktow/torby/Bieszczady/BIES_31.png,tak,
Torby,Bieszczadzki klimat,,zdjecia-produktow/torby/Bieszczadzki klimat/BZWK_01_wilk.png,tak,
Torby,Bieszczadzki klimat,,zdjecia-produktow/torby/Bieszczadzki klimat/BZWK_02_wilk.png,tak,
Torby,Bieszczadzki klimat,,zdjecia-produktow/torby/Bieszczadzki klimat/BZWK_03_niedźwiedź.png,tak,
Torby,Bieszczadzki klimat,,zdjecia-produktow/torby/Bieszczadzki klimat/BZWK_04_rys.png,tak,
Torby,Bieszczadzki klimat,,zdjecia-produktow/torby/Bieszczadzki klimat/BZWK_05_ żubr.png,tak,
Torby,Bieszczadzki klimat,,zdjecia-produktow/torby/Bieszczadzki klimat/BZWK_06_jeleń.png,tak,
Torby,Bieszczadzki klimat,,zdjecia-produktow/torby/Bieszczadzki klimat/BZWK_07_jastrząb.png,tak,
Torby,Bieszczadzkie zwierzęta,,zdjecia-produktow/torby/Bieszczadzkie zwierzęta/BIESZ_01.png,tak,
Torby,Bieszczadzkie zwierzęta,,zdjecia-produktow/torby/Bieszczadzkie zwierzęta/BIESZ_02.png,tak,
Torby,Bieszczadzkie zwierzęta,,zdjecia-produktow/torby/Bieszczadzkie zwierzęta/BIESZ_03.png,tak,
Torby,Bieszczadzkie zwierzęta,,zdjecia-produktow/torby/Bieszczadzkie zwierzęta/BIESZ_04.png,tak,
Torby,Bieszczadzkie zwierzęta,,zdjecia-produktow/torby/Bieszczadzkie zwierzęta/BIESZ_05.png,tak,
Torby,Bieszczadzkie zwierzęta,,zdjecia-produktow/torby/Bieszczadzkie zwierzęta/BIESZ_06.png,tak,
Torby,Bieszczadzkie zwierzęta,,zdjecia-produktow/torby/Bieszczadzkie zwierzęta/BIESZ_07.png,tak,
Torby,Bieszczadzkie zwierzęta,,zdjecia-produktow/torby/Bieszczadzkie zwierzęta/BIESZ_08.png,tak,
Torby,Bieszczadzkie zwierzęta,,zdjecia-produktow/torby/Bieszczadzkie zwierzęta/BIESZ_09.png,tak,
Torby,Bieszczadzkie zwierzęta,,zdjecia-produktow/torby/Bieszczadzkie zwierzęta/BIESZ_10.png,tak,
Torby,Bieszczadzkie zwierzęta,,zdjecia-produktow/torby/Bieszczadzkie zwierzęta/BIESZ_11.png,tak,
Torby,Bieszczadzkie zwierzęta,,zdjecia-produktow/torby/Bieszczadzkie zwierzęta/BIESZ_12.png,tak,
Torby,Bieszczadzkie zwierzęta,,zdjecia-produktow/torby/Bieszczadzkie zwierzęta/BIESZ_13.png,tak,
Torby,Bieszczadzkie zwierzęta,,zdjecia-produktow/torby/Bieszczadzkie zwierzęta/BIESZ_14.png,tak,
Torby,Bieszczadzkie zwierzęta,,zdjecia-produktow/torby/Bieszczadzkie zwierzęta/BIESZ_15.png,tak,
Torby,Bieszczadzkie zwierzęta,,zdjecia-produktow/torby/Bieszczadzkie zwierzęta/BIESZ_16.png,tak,
Torby,Bieszczadzkie zwierzęta,,zdjecia-produktow/torby/Bieszczadzkie zwierzęta/BIESZ_17.png,tak,
Torby,Bieszczadzkie zwierzęta,,zdjecia-produktow/torby/Bieszczadzkie zwierzęta/BIESZ_18.png,tak,
Torby,Bieszczadzkie zwierzęta,,zdjecia-produktow/torby/Bieszczadzkie zwierzęta/BIESZ_19.png,tak,
Torby,Bieszczadzkie zwierzęta,,zdjecia-produktow/torby/Bieszczadzkie zwierzęta/BIESZ_20.png,tak,
Torby,Bieszczadzkie zwierzęta,,zdjecia-produktow/torby/Bieszczadzkie zwierzęta/BIESZ_21.png,tak,
Torby,Bieszczadzkie zwierzęta,,zdjecia-produktow/torby/Bieszczadzkie zwierzęta/BIESZ_22.png,tak,
Torby,Bieszczadzkie zwierzęta,,zdjecia-produktow/torby/Bieszczadzkie zwierzęta/BIESZ_23.png,tak,
Torby,Bieszczadzkie zwierzęta,,zdjecia-produktow/torby/Bieszczadzkie zwierzęta/BIESZ_24.png,tak,
Torby,Bieszczadzkie zwierzęta,,zdjecia-produktow/torby/Bieszczadzkie zwierzęta/BIESZ_25.png,tak,
Torby,Bieszczadzkie zwierzęta,,zdjecia-produktow/torby/Bieszczadzkie zwierzęta/BIESZ_26.png,tak,
Torby,Bieszczadzkie zwierzęta,,zdjecia-produktow/torby/Bieszczadzkie zwierzęta/BIESZ_27.png,tak,
Torby,Bieszczadzkie zwierzęta,,zdjecia-produktow/torby/Bieszczadzkie zwierzęta/BIESZ_28.png,tak,
Torby,Bieszczadzkie zwierzęta,,zdjecia-produktow/torby/Bieszczadzkie zwierzęta/BIESZ_29.png,tak,
Torby,Bieszczadzkie zwierzęta,,zdjecia-produktow/torby/Bieszczadzkie zwierzęta/BIESZ_30.png,tak,
Torby,Bieszczadzkie zwierzęta,,zdjecia-produktow/torby/Bieszczadzkie zwierzęta/BIESZ_31.png,tak,
Torby,Kolorowe Ptaki,,zdjecia-produktow/torby/Kolorowe Ptaki/KP_01.png,tak,
Torby,Kolorowe Ptaki,,zdjecia-produktow/torby/Kolorowe Ptaki/KP_02.png,tak,
Torby,Kolorowe Ptaki,,zdjecia-produktow/torby/Kolorowe Ptaki/KP_03.png,tak,
Torby,Kolorowe Ptaki,,zdjecia-produktow/torby/Kolorowe Ptaki/KP_04.png,tak,
Torby,Kolorowe Ptaki,,zdjecia-produktow/torby/Kolorowe Ptaki/KP_05.png,tak,
Torby,Kolorowe Ptaki,,zdjecia-produktow/torby/Kolorowe Ptaki/KP_06.png,tak,
Torby,Kolorowe Ptaki,,zdjecia-produktow/torby/Kolorowe Ptaki/KP_07.png,tak,
Torby,Kolorowe Ptaki,,zdjecia-produktow/torby/Kolorowe Ptaki/KP_08.png,tak,
Torby,Kolorowe Ptaki,,zdjecia-produktow/torby/Kolorowe Ptaki/KP_09.png,tak,
Torby,Kolorowe Ptaki,,zdjecia-produktow/torby/Kolorowe Ptaki/KP_10.png,tak,
Torby,Kolorowe Ptaki,,zdjecia-produktow/torby/Kolorowe Ptaki/KP_11.png,tak,
Torby,Kolorowe Ptaki,,zdjecia-produktow/torby/Kolorowe Ptaki/KP_12.png,tak,
Torby,Kolorowe Ptaki,,zdjecia-produktow/torby/Kolorowe Ptaki/KP_13.png,tak,
Torby,Kolorowe Ptaki,,zdjecia-produktow/torby/Kolorowe Ptaki/KP_14.png,tak,
Torby,Kolorowe Ptaki,,zdjecia-produktow/torby/Kolorowe Ptaki/KP_15.png,tak,
Torby,Kolorowe zwierzaki,,zdjecia-produktow/torby/Kolorowe zwierzaki/KZ_01.png,tak,
Torby,Kolorowe zwierzaki,,zdjecia-produktow/torby/Kolorowe zwierzaki/KZ_02.png,tak,
Torby,Kolorowe zwierzaki,,zdjecia-produktow/torby/Kolorowe zwierzaki/KZ_03.png,tak,
Torby,Kolorowe zwierzaki,,zdjecia-produktow/torby/Kolorowe zwierzaki/KZ_04.png,tak,
Torby,Kolorowe zwierzaki,,zdjecia-produktow/torby/Kolorowe zwierzaki/KZ_05.png,tak,
Torby,Kolorowe zwierzaki,,zdjecia-produktow/torby/Kolorowe zwierzaki/KZ_06.png,tak,
Torby,Kolorowe zwierzaki,,zdjecia-produktow/torby/Kolorowe zwierzaki/KZ_07.png,tak,
Torby,Kolorowe zwierzaki,,zdjecia-produktow/torby/Kolorowe zwierzaki/KZ_08.png,tak,
Torby,Kolorowe zwierzaki,,zdjecia-produktow/torby/Kolorowe zwierzaki/KZ_09.png,tak,
Torby,Kolorowe zwierzaki,,zdjecia-produktow/torby/Kolorowe zwierzaki/KZ_10.png,tak,
Torby,Kolorowe zwierzaki,,zdjecia-produktow/torby/Kolorowe zwierzaki/KZ_11.png,tak,
Torby,Kolorowe zwierzaki,,zdjecia-produktow/torby/Kolorowe zwierzaki/KZ_12.png,tak,
Torby,Kolorowe zwierzaki,,zdjecia-produktow/torby/Kolorowe zwierzaki/KZ_13.png,tak,
Torby,Kolorowe zwierzaki,,zdjecia-produktow/torby/Kolorowe zwierzaki/KZ_14.png,tak,
Torby,Kolorowe zwierzaki,,zdjecia-produktow/torby/Kolorowe zwierzaki/KZ_15.png,tak,
Torby,Kolorowe zwierzaki,,zdjecia-produktow/torby/Kolorowe zwierzaki/KZ_16.png,tak,
Torby,Kolorowe zwierzaki,,zdjecia-produktow/torby/Kolorowe zwierzaki/KZ_17.png,tak,
Torby,Kolorowe zwierzaki,,zdjecia-produktow/torby/Kolorowe zwierzaki/KZ_18.png,tak,
Torby,Konie,,zdjecia-produktow/torby/Konie/KO_01.png,tak,
Torby,Konie,,zdjecia-produktow/torby/Konie/KO_02.png,tak,
Torby,Konie,,zdjecia-produktow/torby/Konie/KO_03.png,tak,
Torby,Kwiaty,,zdjecia-produktow/torby/Kwiaty/KW_01.png,tak,
Torby,Kwiaty,,zdjecia-produktow/torby/Kwiaty/KW_02.png,tak,
Torby,Kwiaty,,zdjecia-produktow/torby/Kwiaty/KW_03.png,tak,
Torby,Kwiaty,,zdjecia-produktow/torby/Kwiaty/KW_04.png,tak,
Torby,Kwiaty,,zdjecia-produktow/torby/Kwiaty/KW_05.png,tak,
Torby,Kwiaty,,zdjecia-produktow/torby/Kwiaty/KW_06.png,tak,
Torby,Kwiaty,,zdjecia-produktow/torby/Kwiaty/KW_07.png,tak,
Torby,Kwiaty,,zdjecia-produktow/torby/Kwiaty/KW_08.png,tak,
Torby,Kwiaty,,zdjecia-produktow/torby/Kwiaty/KW_09.png,tak,
Torby,Kwiaty,,zdjecia-produktow/torby/Kwiaty/KW_10.png,tak,
Torby,Kwiaty,,zdjecia-produktow/torby/Kwiaty/KW_11.png,tak,
Torby,Kwiaty,,zdjecia-produktow/torby/Kwiaty/KW_12.png,tak,
Torby,Kwiaty,,zdjecia-produktow/torby/Kwiaty/KW_13.png,tak,
Torby,Kwiaty,,zdjecia-produktow/torby/Kwiaty/KW_14.png,tak,
Torby,Miasta,,zdjecia-produktow/torby/Miasta/LESKO.png,tak,
Torby,Miasta,,zdjecia-produktow/torby/Miasta/SANOK.png,tak,
Torby,Miasta,,zdjecia-produktow/torby/Miasta/ZAGÓRZ.png,tak,
Torby,Motoryzacja,,zdjecia-produktow/torby/Motoryzacja/MOTO_01.png,tak,
Torby,Motoryzacja,,zdjecia-produktow/torby/Motoryzacja/MOTO_02.png,tak,
Torby,Motoryzacja,,zdjecia-produktow/torby/Motoryzacja/MOTO_03.png,tak,
Torby,Motoryzacja,,zdjecia-produktow/torby/Motoryzacja/MOTO_04.png,tak,
Torby,Owady,,zdjecia-produktow/torby/Owady/OW_01.png,tak,
Torby,Owady,,zdjecia-produktow/torby/Owady/OW_02.png,tak,
Torby,Owady,,zdjecia-produktow/torby/Owady/OW_03.png,tak,
Torby,Owady,,zdjecia-produktow/torby/Owady/OW_04.png,tak,
Torby,Owady,,zdjecia-produktow/torby/Owady/OW_05.png,tak,
Torby,Owady,,zdjecia-produktow/torby/Owady/OW_06.png,tak,
Torby,Owady,,zdjecia-produktow/torby/Owady/OW_07.png,tak,
Torby,Owady,,zdjecia-produktow/torby/Owady/OW_08.png,tak,
Torby,Owady,,zdjecia-produktow/torby/Owady/OW_09.png,tak,
Torby,Owady,,zdjecia-produktow/torby/Owady/OW_10.png,tak,
Torby,Owady,,zdjecia-produktow/torby/Owady/OW_11.png,tak,
Torby,Owady,,zdjecia-produktow/torby/Owady/OW_12.png,tak,
Torby,Owady,,zdjecia-produktow/torby/Owady/OW_13.png,tak,
Torby,Retro Bieszczady,,zdjecia-produktow/torby/Retro Bieszczady/BRET_01.png,tak,
Torby,Retro Bieszczady,,zdjecia-produktow/torby/Retro Bieszczady/BRET_02.png,tak,
Torby,Retro Bieszczady,,zdjecia-produktow/torby/Retro Bieszczady/BRET_03.png,tak,
Torby,Retro Bieszczady,,zdjecia-produktow/torby/Retro Bieszczady/BRET_04.png,tak,
Torby,Retro Bieszczady,,zdjecia-produktow/torby/Retro Bieszczady/BRET_05.png,tak,
Torby,Rzuć wszystko i jedź w Bieszczady,,zdjecia-produktow/torby/Rzuć wszystko i jedź w Bieszczady/RZWB_01.PNG,tak,
Torby,Rzuć wszystko i jedź w Bieszczady,,zdjecia-produktow/torby/Rzuć wszystko i jedź w Bieszczady/RZWB_02.PNG,tak,
Torby,Rzuć wszystko i jedź w Bieszczady,,zdjecia-produktow/torby/Rzuć wszystko i jedź w Bieszczady/RZWB_03.png,tak,
Torby,Rzuć wszystko i jedź w Bieszczady,,zdjecia-produktow/torby/Rzuć wszystko i jedź w Bieszczady/RZWB_04.png,tak,
Torby,Rzuć wszystko i jedź w Bieszczady,,zdjecia-produktow/torby/Rzuć wszystko i jedź w Bieszczady/RZWB_05.png,tak,
Torby,Rzuć wszystko i jedź w Bieszczady,,zdjecia-produktow/torby/Rzuć wszystko i jedź w Bieszczady/RZWB_06.png,tak,
Torby,Rzuć wszystko i jedź w Bieszczady,,zdjecia-produktow/torby/Rzuć wszystko i jedź w Bieszczady/RZWB_07.png,tak,
Torby,Rzuć wszystko i jedź w Bieszczady,,zdjecia-produktow/torby/Rzuć wszystko i jedź w Bieszczady/RZWB_08.png,tak,
Torby,Rzuć wszystko i jedź w Bieszczady,,zdjecia-produktow/torby/Rzuć wszystko i jedź w Bieszczady/RZWB_09.png,tak,
Torby,Rzuć wszystko i jedź w Bieszczady,,zdjecia-produktow/torby/Rzuć wszystko i jedź w Bieszczady/RZWB_10.png,tak,
Torby,Rzuć wszystko i jedź w Bieszczady,,zdjecia-produktow/torby/Rzuć wszystko i jedź w Bieszczady/RZWB_11.png,tak,
Torby,Rzuć wszystko i jedź w Bieszczady,,zdjecia-produktow/torby/Rzuć wszystko i jedź w Bieszczady/RZWB_12.png,tak,
Torby,Rzuć wszystko i jedź w Bieszczady,,zdjecia-produktow/torby/Rzuć wszystko i jedź w Bieszczady/RZWB_13.png,tak,
Torby,Rzuć wszystko i jedź w Bieszczady,,zdjecia-produktow/torby/Rzuć wszystko i jedź w Bieszczady/RZWB_14.png,tak,
Torby,Rzuć wszystko i jedź w Bieszczady,,zdjecia-produktow/torby/Rzuć wszystko i jedź w Bieszczady/RZWB_15.png,tak,
Torby,Rzuć wszystko i jedź w Bieszczady,,zdjecia-produktow/torby/Rzuć wszystko i jedź w Bieszczady/RZWB_16.png,tak,
Torby,Warzywa,,zdjecia-produktow/torby/Warzywa/WAR_01.png,tak,
Torby,Warzywa,,zdjecia-produktow/torby/Warzywa/WAR_02.png,tak,
Torby,Warzywa,,zdjecia-produktow/torby/Warzywa/WAR_03.png,tak,
Torby,Warzywa,,zdjecia-produktow/torby/Warzywa/WAR_04.png,tak,
Torby,Warzywa,,zdjecia-produktow/torby/Warzywa/WAR_05.png,tak,
Torby,Zwierzęta profilem,,zdjecia-produktow/torby/Zwierzęta profilem/ZWPR_01.png,tak,
Torby,Zwierzęta profilem,,zdjecia-produktow/torby/Zwierzęta profilem/ZWPR_02.png,tak,
Torby,Zwierzęta profilem,,zdjecia-produktow/torby/Zwierzęta profilem/ZWPR_03.png,tak,
Torby,Zwierzęta profilem,,zdjecia-produktow/torby/Zwierzęta profilem/ZWPR_04.png,tak,
Torby,Zwierzęta profilem,,zdjecia-produktow/torby/Zwierzęta profilem/ZWPR_05.png,tak,
Torby,Zwierzęta profilem,,zdjecia-produktow/torby/Zwierzęta profilem/ZWPR_06.png,tak,
Torby,Zwierzęta profilem,,zdjecia-produktow/torby/Zwierzęta profilem/ZWPR_07.png,tak,
Torby,Zwierzęta profilem,,zdjecia-produktow/torby/Zwierzęta profilem/ZWPR_08.png,tak,
Torby,Zwierzęta profilem,,zdjecia-produktow/torby/Zwierzęta profilem/ZWPR_09.png,tak,
Torby,Zwierzęta profilem,,zdjecia-produktow/torby/Zwierzęta profilem/ZWPR_10.png,tak,
Torby,Zwierzęta profilem,,zdjecia-produktow/torby/Zwierzęta profilem/ZWPR_11.png,tak,
Torby,Zwierzęta profilem,,zdjecia-produktow/torby/Zwierzęta profilem/ZWPR_12.png,tak,
Torby,Zwierzęta profilem,,zdjecia-produktow/torby/Zwierzęta profilem/ZWPR_13.png,tak,
Torby,Zwierzęta profilem,,zdjecia-produktow/torby/Zwierzęta profilem/ZWPR_14.png,tak,
Torby,Zwierzęta profilem,,zdjecia-produktow/torby/Zwierzęta profilem/ZWPR_15.png,tak,
Torby,Zwierzęta profilem,,zdjecia-produktow/torby/Zwierzęta profilem/ZWPR_16.png,tak,
Torby,Zwierzęta profilem,,zdjecia-produktow/torby/Zwierzęta profilem/ZWPR_17.png,tak,
Torby,Zwierzęta profilem,,zdjecia-produktow/torby/Zwierzęta profilem/ZWPR_18.png,tak,
Torby,Zwierzęta profilem,,zdjecia-produktow/torby/Zwierzęta profilem/ZWPR_19.png,tak,
Torby,Zwierzęta profilem,,zdjecia-produktow/torby/Zwierzęta profilem/ZWPR_20.png,tak,
Torby,Zwierzęta profilem,,zdjecia-produktow/torby/Zwierzęta profilem/ZWPR_21.png,tak,
Torby,Zwierzęta profilem,,zdjecia-produktow/torby/Zwierzęta profilem/ZWPR_22.png,tak,
Torby,Zwierzęta żółte tło,,zdjecia-produktow/torby/Zwierzęta żółte tło/ZWZ_01.png,tak,
Torby,Zwierzęta żółte tło,,zdjecia-produktow/torby/Zwierzęta żółte tło/ZWZ_02.png,tak,
Torby,Zwierzęta żółte tło,,zdjecia-produktow/torby/Zwierzęta żółte tło/ZWZ_03.png,tak,
Torby,Zwierzęta żółte tło,,zdjecia-produktow/torby/Zwierzęta żółte tło/ZWZ_04.png,tak,
Torby,Zwierzęta żółte tło,,zdjecia-produktow/torby/Zwierzęta żółte tło/ZWZ_05.png,tak,
Torby,Zwierzęta żółte tło,,zdjecia-produktow/torby/Zwierzęta żółte tło/ZWZ_06.png,tak,
Torby,Zwierzęta żółte tło,,zdjecia-produktow/torby/Zwierzęta żółte tło/ZWZ_07.png,tak,
Torby,Zwierzęta żółte tło,,zdjecia-produktow/torby/Zwierzęta żółte tło/ZWZ_08.png,tak,
Torby,Zwierzęta żółte tło,,zdjecia-produktow/torby/Zwierzęta żółte tło/ZWZ_09.png,tak,
Torby,Zwięrzęta Afryki,,zdjecia-produktow/torby/Zwięrzęta Afryki/AF_01.png,tak,
Torby,Zwięrzęta Afryki,,zdjecia-produktow/torby/Zwięrzęta Afryki/AF_02.png,tak,
Torby,Zwięrzęta Afryki,,zdjecia-produktow/torby/Zwięrzęta Afryki/AF_03.png,tak,
Torby,Zwięrzęta Afryki,,zdjecia-produktow/torby/Zwięrzęta Afryki/AF_04.png,tak,
Torby,Zwięrzęta Afryki,,zdjecia-produktow/torby/Zwięrzęta Afryki/AF_05.png,tak,
Torby,Zwięrzęta Afryki,,zdjecia-produktow/torby/Zwięrzęta Afryki/AF_06.png,tak,
Torby,Zwięrzęta Afryki,,zdjecia-produktow/torby/Zwięrzęta Afryki/AF_07.png,tak,
Torby,Zwięrzęta Afryki,,zdjecia-produktow/torby/Zwięrzęta Afryki/AF_08.png,tak,
Torby,Zwięrzęta Afryki,,zdjecia-produktow/torby/Zwięrzęta Afryki/AF_09.png,tak,
Torby,Zwięrzęta Afryki,,zdjecia-produktow/torby/Zwięrzęta Afryki/AF_10.png,tak,
Torby,Zwięrzęta Afryki,,zdjecia-produktow/torby/Zwięrzęta Afryki/AF_11.png,tak,
Torby,Zwięrzęta Afryki,,zdjecia-produktow/torby/Zwięrzęta Afryki/AF_12.png,tak,
Torby,Zwięrzęta Afryki,,zdjecia-produktow/torby/Zwięrzęta Afryki/AF_13.png,tak,
Torby,Zwięrzęta Afryki,,zdjecia-produktow/torby/Zwięrzęta Afryki/AF_14.png,tak,
Torby,Zwięrzęta Afryki,,zdjecia-produktow/torby/Zwięrzęta Afryki/AF_15.png,tak,
Torby,Zwięrzęta Afryki,,zdjecia-produktow/torby/Zwięrzęta Afryki/AF_16.png,tak,
Torby,Zwięrzęta Afryki,,zdjecia-produktow/torby/Zwięrzęta Afryki/AF_17.png,tak,
Torby,Zwięrzęta Afryki,,zdjecia-produktow/torby/Zwięrzęta Afryki/AF_18.png,tak,
Torby,Zwięrzęta Afryki,,zdjecia-produktow/torby/Zwięrzęta Afryki/AF_19.png,tak,
Torby,Zwięrzęta Afryki,,zdjecia-produktow/torby/Zwięrzęta Afryki/AF_20.png,tak,
Torby,Zwięrzęta Afryki,,zdjecia-produktow/torby/Zwięrzęta Afryki/AF_21.png,tak,
Torby,Zwięrzęta Afryki,,zdjecia-produktow/torby/Zwięrzęta Afryki/AF_22.png,tak,
Torby,Zwięrzęta Afryki,,zdjecia-produktow/torby/Zwięrzęta Afryki/AF_23.png,tak,
Torby,Zwięrzęta Afryki,,zdjecia-produktow/torby/Zwięrzęta Afryki/AF_24.png,tak,
Torby,Zwięrzęta Afryki,,zdjecia-produktow/torby/Zwięrzęta Afryki/AF_25.png,tak,
Kosmetyczki,,Leśna gałązka,zdjecia-produktow/kosmetyczki/DSC_6080.webp,tak,Przód
Kosmetyczki,,Leśna gałązka,zdjecia-produktow/kosmetyczki/DSC_6081.webp,tak,Tył
Kosmetyczki,,Kolorowy ptak,zdjecia-produktow/kosmetyczki/DSC_6086.webp,tak,Przód
Kosmetyczki,,Kolorowy ptak,zdjecia-produktow/kosmetyczki/DSC_6089.webp,tak,Tył
Kosmetyczki,,Kwiatowa akwarela,zdjecia-produktow/kosmetyczki/DSC_6091.webp,tak,Przód
Kosmetyczki,,Kwiatowa akwarela,zdjecia-produktow/kosmetyczki/DSC_6098.webp,tak,Tył
Kosmetyczki,,Tropikalny błękit,zdjecia-produktow/kosmetyczki/DSC_6100.webp,tak,Przód
Kosmetyczki,,Tropikalny błękit,zdjecia-produktow/kosmetyczki/DSC_6103.webp,tak,Tył
Kosmetyczki,,Błękitne liście,zdjecia-produktow/kosmetyczki/DSC_6104.webp,tak,Przód
Kosmetyczki,,Błękitne liście,zdjecia-produktow/kosmetyczki/DSC_6109.webp,tak,Tył
Kosmetyczki,,Zielona gałązka,zdjecia-produktow/kosmetyczki/DSC_6111.webp,tak,Przód
Kosmetyczki,,Zielona gałązka,zdjecia-produktow/kosmetyczki/DSC_6115.webp,tak,Tył
Kosmetyczki,,Szczęśliwa koniczynka,zdjecia-produktow/kosmetyczki/DSC_6117.webp,tak,Przód
Kosmetyczki,,Szczęśliwa koniczynka,zdjecia-produktow/kosmetyczki/DSC_6120.webp,tak,Tył
Kosmetyczki,,Biała magnolia,zdjecia-produktow/kosmetyczki/DSC_6122.webp,tak,Przód
Kosmetyczki,,Biała magnolia,zdjecia-produktow/kosmetyczki/DSC_6126.webp,tak,Tył
Kosmetyczki,,Różany wieczór,zdjecia-produktow/kosmetyczki/DSC_6128.webp,tak,Przód
Kosmetyczki,,Różany wieczór,zdjecia-produktow/kosmetyczki/DSC_6131.webp,tak,Tył
Kosmetyczki,,Różowe peonie,zdjecia-produktow/kosmetyczki/DSC_6133.webp,tak,Przód
Kosmetyczki,,Różowe peonie,zdjecia-produktow/kosmetyczki/DSC_6135.webp,tak,Tył
Kosmetyczki,,Kwiatowy zmierzch,zdjecia-produktow/kosmetyczki/DSC_6136.webp,tak,Przód
Kosmetyczki,,Kwiatowy zmierzch,zdjecia-produktow/kosmetyczki/DSC_6139.webp,tak,Tył
Kosmetyczki,,Malinowe kwiaty,zdjecia-produktow/kosmetyczki/DSC_6140.webp,tak,Przód
Kosmetyczki,,Malinowe kwiaty,zdjecia-produktow/kosmetyczki/DSC_6143.webp,tak,Tył
Kosmetyczki,,Różowa akwarela,zdjecia-produktow/kosmetyczki/DSC_6144.webp,tak,Przód
Kosmetyczki,,Różowa akwarela,zdjecia-produktow/kosmetyczki/DSC_6147.webp,tak,Tył
Kosmetyczki,,Jasna paproć,zdjecia-produktow/kosmetyczki/DSC_6148.webp,tak,Przód
Kosmetyczki,,Jasna paproć,zdjecia-produktow/kosmetyczki/DSC_6150.webp,tak,Tył
Kosmetyczki,,Tropikalne liście,zdjecia-produktow/kosmetyczki/DSC_6152.webp,tak,Przód
Kosmetyczki,,Tropikalne liście,zdjecia-produktow/kosmetyczki/DSC_6154.webp,tak,Tył
Kosmetyczki,,Biała gałązka,zdjecia-produktow/kosmetyczki/DSC_6155.webp,tak,Przód
Kosmetyczki,,Biała gałązka,zdjecia-produktow/kosmetyczki/DSC_6157.webp,tak,Tył
Kosmetyczki,,Akwarelowe pnącza,zdjecia-produktow/kosmetyczki/DSC_6158.webp,tak,Przód
Kosmetyczki,,Akwarelowe pnącza,zdjecia-produktow/kosmetyczki/DSC_6160.webp,tak,Tył
Kosmetyczki,,Ptasia melodia,zdjecia-produktow/kosmetyczki/DSC_6162.webp,tak,Przód
Kosmetyczki,,Ptasia melodia,zdjecia-produktow/kosmetyczki/DSC_6164.webp,tak,Tył
Kosmetyczki,,Granatowy marmur,zdjecia-produktow/kosmetyczki/DSC_6166.webp,tak,Przód
Kosmetyczki,,Granatowy marmur,zdjecia-produktow/kosmetyczki/DSC_6168.webp,tak,Tył
Kosmetyczki,,Szary marmur,zdjecia-produktow/kosmetyczki/DSC_6171.webp,tak,Przód
Kosmetyczki,,Szary marmur,zdjecia-produktow/kosmetyczki/DSC_6173.webp,tak,Tył
Kosmetyczki,,Fioletowe złoto,zdjecia-produktow/kosmetyczki/DSC_6174.webp,tak,Przód
Kosmetyczki,,Fioletowe złoto,zdjecia-produktow/kosmetyczki/DSC_6176.webp,tak,Tył
Kosmetyczki,,Perłowy marmur,zdjecia-produktow/kosmetyczki/DSC_6178.webp,tak,Przód
Kosmetyczki,,Perłowy marmur,zdjecia-produktow/kosmetyczki/DSC_6180.webp,tak,Tył
Kosmetyczki,,Granatowe pióro,zdjecia-produktow/kosmetyczki/DSC_6181.webp,tak,Przód
Kosmetyczki,,Granatowe pióro,zdjecia-produktow/kosmetyczki/DSC_6183.webp,tak,Tył
Kosmetyczki,,Fioletowy liść,zdjecia-produktow/kosmetyczki/DSC_6186.webp,tak,Przód
Kosmetyczki,,Fioletowy liść,zdjecia-produktow/kosmetyczki/DSC_6188.webp,tak,Tył
Frotki,,Butelkowa satyna,zdjecia-produktow/frotki/DSC_6223.webp,tak,
Frotki,,Kwiaty po zmroku,zdjecia-produktow/frotki/DSC_6226.webp,tak,
Frotki,,Serduszka w kolorze,zdjecia-produktow/frotki/DSC_6238.webp,tak,
Frotki,,Błękitny welur,zdjecia-produktow/frotki/DSC_6250.webp,tak,
Frotki,,Grafitowy połysk,zdjecia-produktow/frotki/DSC_6259.webp,tak,
Frotki,,Błękitna bryza,zdjecia-produktow/frotki/DSC_6263.webp,tak,
Frotki,,Granatowe kwiaty,zdjecia-produktow/frotki/DSC_6275.webp,tak,
Frotki,,Szara elegancja,zdjecia-produktow/frotki/DSC_6282.webp,tak,
Frotki,,Kwiaty w granacie,zdjecia-produktow/frotki/DSC_6300.webp,tak,
Frotki,,Bordowa kokardka,zdjecia-produktow/frotki/DSC_6308.webp,tak,
Frotki,,Turkusowy połysk,zdjecia-produktow/frotki/DSC_6311.webp,tak,
Frotki,,Butelkowy Włóczykij,zdjecia-produktow/frotki/DSC_6322.webp,tak,
Frotki,,Lawendowa mgiełka,zdjecia-produktow/frotki/DSC_6332.webp,tak,
Frotki,,Srebrzysty błękit,zdjecia-produktow/frotki/DSC_6341.webp,tak,
Frotki,,Miętowy połysk,zdjecia-produktow/frotki/DSC_6344.webp,tak,
Frotki,,Królewski błękit,zdjecia-produktow/frotki/DSC_6351.webp,tak,
Frotki,,Czerwona krateczka,zdjecia-produktow/frotki/DSC_6357.webp,tak,
Frotki,,Kolorowy miszmasz,zdjecia-produktow/frotki/DSC_6366.webp,tak,
Frotki,,Gwiazdeczki,zdjecia-produktow/frotki/Gwiazdeczki.webp,tak,
Frotki,,Kapibarki,zdjecia-produktow/frotki/Kapibarki.webp,tak,
Frotki,,Kolorowe motylki,zdjecia-produktow/frotki/Kolorowe motylki.webp,tak,
Frotki,,Na folkowo,zdjecia-produktow/frotki/Na folkowo.webp,tak,
Frotki,,Pastelowwe fantazje,zdjecia-produktow/frotki/Pastelowwe fantazje.webp,tak,
Frotki,,Pod choinkę,zdjecia-produktow/frotki/Pod choinkę.webp,tak,
Frotki,,Słodkie pączusie,zdjecia-produktow/frotki/Słodkie pączusie.webp,tak,
Frotki,,Truskaweczki,zdjecia-produktow/frotki/Truskaweczki.webp,tak,
Frotki,,Włóczykij,zdjecia-produktow/frotki/Włóczykij.webp,tak,
Torby,,Bieszczadzki Wilk,zdjecia-produktow/torby/Bieszczadki wilk.webp,tak,
Torby,,Świnka,zdjecia-produktow/torby/DSC_6388.webp,tak,
Torby,,Ruda bohaterka,zdjecia-produktow/torby/DSC_6394.webp,tak,
Torby,,Kwiatowy festiwal,zdjecia-produktow/torby/DSC_6398.webp,tak,
Torby,,Jesienny portret,zdjecia-produktow/torby/DSC_6406.webp,tak,
Torby,,Czarny przyjaciel,zdjecia-produktow/torby/DSC_6410.webp,tak,
Torby,,Dziewczynka z lasu,zdjecia-produktow/torby/DSC_6419.webp,tak,
Torby,,Pop-artowa dama,zdjecia-produktow/torby/DSC_6422.webp,tak,
Torby,,Łąka w kolorze,zdjecia-produktow/torby/DSC_6425.webp,tak,
Torby,,Geometryczna energia,zdjecia-produktow/torby/DSC_6426.webp,tak,
Torby,,Kolorowe konfetti,zdjecia-produktow/torby/DSC_6431.webp,tak,
Torby,,Mała Mi,zdjecia-produktow/torby/Mała Mi.webp,tak,
Torby,,Włoczykij ver 2,zdjecia-produktow/torby/Włoczykij ver 2.webp,tak,
Torby,,Włoczykij,zdjecia-produktow/torby/Włoczykij.webp,tak,
Workoplecak,,Leśna wędrówka,zdjecia-produktow/workoplecaki/DSC_6432.webp,tak,
